epoch,time,train/box_loss,train/cls_loss,train/dfl_loss,metrics/precision(B),metrics/recall(B),metrics/mAP50(B),metrics/mAP50-95(B),val/box_loss,val/cls_loss,val/dfl_loss,lr/pg0,lr/pg1,lr/pg2
1,25.9141,0.85522,2.24032,1.03015,0.00333,1,0.44887,0.346,0.75519,3.39276,0.88756,0.000651515,0.000651515,0.000651515
2,32.9466,0.79161,1.21164,1.0097,0.99858,1,0.995,0.85127,0.63485,2.13211,0.94181,0.00130513,0.00130513,0.00130513
3,39.7627,0.81563,1.07527,1.03706,0.99951,1,0.995,0.83252,0.65967,1.16853,0.93774,0.00194555,0.00194555,0.00194555
4,46.6391,0.75431,0.82808,0.99444,0.99929,1,0.995,0.8347,0.64514,0.889,0.94823,0.0019406,0.0019406,0.0019406
5,53.5043,0.79623,0.73829,1.02561,0.99951,1,0.995,0.832,0.61788,0.73664,0.90481,0.0019208,0.0019208,0.0019208
6,60.2401,0.74343,0.63999,0.98058,1,0.9998,0.995,0.83218,0.61277,0.56634,0.91145,0.001901,0.001901,0.001901
7,67.1663,0.74678,0.57902,0.99642,0.99955,1,0.995,0.87175,0.57112,0.51425,0.88411,0.0018812,0.0018812,0.0018812
8,74.1992,0.73632,0.53938,0.9923,0.99949,1,0.995,0.8555,0.58465,0.53022,0.90172,0.0018614,0.0018614,0.0018614
9,81.1427,0.71126,0.51209,0.98754,0.99962,1,0.995,0.84135,0.60169,0.41825,0.90316,0.0018416,0.0018416,0.0018416
10,87.9974,0.72185,0.47572,0.97722,0.99962,1,0.995,0.85986,0.59884,0.39718,0.90185,0.0018218,0.0018218,0.0018218
11,94.8546,0.72062,0.46426,0.96731,0.99958,1,0.995,0.84567,0.61154,0.39144,0.90508,0.001802,0.001802,0.001802
12,101.665,0.68129,0.44556,0.95662,0.99957,1,0.995,0.85581,0.58111,0.38006,0.89065,0.0017822,0.0017822,0.0017822
13,108.719,0.6687,0.41927,0.96349,0.9996,1,0.995,0.86859,0.56674,0.36339,0.88957,0.0017624,0.0017624,0.0017624
14,115.798,0.66636,0.41292,0.96676,0.99958,1,0.995,0.8467,0.60632,0.353,0.89548,0.0017426,0.0017426,0.0017426
15,122.674,0.67452,0.41429,0.96495,0.99902,1,0.995,0.86225,0.57963,0.41255,0.89011,0.0017228,0.0017228,0.0017228
16,129.719,0.69401,0.41834,0.9721,0.99938,1,0.995,0.87097,0.5636,0.36317,0.88873,0.001703,0.001703,0.001703
17,136.619,0.65948,0.39768,0.9618,0.99958,1,0.995,0.85884,0.55831,0.32191,0.88269,0.0016832,0.0016832,0.0016832
18,143.435,0.67301,0.39252,0.95326,0.9996,1,0.995,0.86302,0.55757,0.327,0.88606,0.0016634,0.0016634,0.0016634
19,150.29,0.63996,0.38333,0.95177,0.9995,1,0.995,0.86489,0.55793,0.33781,0.87914,0.0016436,0.0016436,0.0016436
20,157.07,0.66638,0.39121,0.96285,0.99962,1,0.995,0.8579,0.55597,0.3096,0.88194,0.0016238,0.0016238,0.0016238
21,163.982,0.68385,0.3955,0.96117,0.99963,1,0.995,0.8665,0.54633,0.30066,0.87512,0.001604,0.001604,0.001604
22,170.952,0.64318,0.36421,0.95653,0.99958,1,0.995,0.86872,0.56706,0.30428,0.88425,0.0015842,0.0015842,0.0015842
23,177.797,0.64877,0.36848,0.96505,0.9996,1,0.995,0.8694,0.55256,0.29945,0.87806,0.0015644,0.0015644,0.0015644
24,184.506,0.66916,0.38318,0.98048,0.99942,1,0.995,0.86066,0.58102,0.39468,0.8889,0.0015446,0.0015446,0.0015446
25,191.279,0.69027,0.38005,0.96936,0.99961,1,0.995,0.86935,0.54853,0.28351,0.8769,0.0015248,0.0015248,0.0015248
26,198.1,0.65477,0.35194,0.94602,0.99961,1,0.995,0.86721,0.54527,0.29378,0.88551,0.001505,0.001505,0.001505
27,204.96,0.66346,0.36236,0.96453,0.99959,1,0.995,0.8723,0.57496,0.29909,0.88437,0.0014852,0.0014852,0.0014852
28,211.848,0.64771,0.36238,0.9475,0.99961,1,0.995,0.87279,0.53066,0.27977,0.87382,0.0014654,0.0014654,0.0014654
29,218.613,0.65152,0.3619,0.9497,0.9996,1,0.995,0.86735,0.57437,0.28234,0.88258,0.0014456,0.0014456,0.0014456
30,225.482,0.62724,0.34018,0.93933,0.9996,1,0.995,0.86876,0.54104,0.26341,0.87744,0.0014258,0.0014258,0.0014258
31,232.295,0.63938,0.34144,0.94327,0.99961,1,0.995,0.87608,0.5329,0.26786,0.87027,0.001406,0.001406,0.001406
32,239.132,0.6442,0.35189,0.95012,0.99961,1,0.995,0.87327,0.54356,0.26473,0.86957,0.0013862,0.0013862,0.0013862
33,246.042,0.62511,0.34038,0.943,0.99959,1,0.995,0.87264,0.5453,0.28247,0.87327,0.0013664,0.0013664,0.0013664
34,252.918,0.61626,0.34365,0.93934,0.99961,1,0.995,0.87106,0.54088,0.27144,0.87497,0.0013466,0.0013466,0.0013466
35,259.675,0.63465,0.34391,0.94673,0.99962,1,0.995,0.8682,0.53949,0.2808,0.86853,0.0013268,0.0013268,0.0013268
36,266.609,0.64446,0.34361,0.95662,0.99962,1,0.995,0.87591,0.54744,0.26909,0.87178,0.001307,0.001307,0.001307
37,273.488,0.62592,0.33528,0.93779,0.99962,1,0.995,0.86431,0.52223,0.27577,0.86607,0.0012872,0.0012872,0.0012872
38,280.313,0.62757,0.33233,0.95992,0.99961,1,0.995,0.87245,0.53464,0.25164,0.86541,0.0012674,0.0012674,0.0012674
39,287.148,0.62441,0.33087,0.93583,0.99959,1,0.995,0.87389,0.53607,0.27824,0.86484,0.0012476,0.0012476,0.0012476
40,293.927,0.62446,0.33838,0.94023,0.99962,1,0.995,0.85268,0.54746,0.2412,0.87582,0.0012278,0.0012278,0.0012278
41,300.798,0.60621,0.32197,0.94308,0.99961,1,0.995,0.86923,0.5205,0.24149,0.86446,0.001208,0.001208,0.001208
42,307.575,0.62819,0.32444,0.94065,0.99962,1,0.995,0.86476,0.54364,0.26653,0.87127,0.0011882,0.0011882,0.0011882
43,314.453,0.62775,0.33099,0.94143,0.99961,1,0.995,0.8814,0.52329,0.25005,0.86414,0.0011684,0.0011684,0.0011684
44,321.302,0.59357,0.31902,0.92559,0.99961,1,0.995,0.86699,0.54232,0.25686,0.87548,0.0011486,0.0011486,0.0011486
45,328.225,0.61235,0.32454,0.94056,0.99961,1,0.995,0.8788,0.50535,0.2418,0.85828,0.0011288,0.0011288,0.0011288
46,335.223,0.61533,0.3178,0.93569,0.99961,1,0.995,0.87508,0.52318,0.24674,0.86475,0.001109,0.001109,0.001109
47,341.996,0.60891,0.31622,0.92585,0.99963,1,0.995,0.87155,0.52673,0.25582,0.86133,0.0010892,0.0010892,0.0010892
48,348.823,0.59979,0.31138,0.93059,0.99961,1,0.995,0.88175,0.53387,0.25543,0.87144,0.0010694,0.0010694,0.0010694
49,355.554,0.60737,0.31489,0.92733,0.99962,1,0.995,0.87498,0.51514,0.24182,0.86329,0.0010496,0.0010496,0.0010496
50,362.283,0.60803,0.3197,0.9315,0.9996,1,0.995,0.87422,0.52797,0.25248,0.86445,0.0010298,0.0010298,0.0010298
51,369.13,0.5929,0.31737,0.92716,0.99962,1,0.995,0.87767,0.52534,0.24613,0.86489,0.00101,0.00101,0.00101
52,375.996,0.58783,0.30973,0.93209,0.99961,1,0.995,0.87768,0.52233,0.24524,0.85828,0.0009902,0.0009902,0.0009902
53,382.688,0.59023,0.30092,0.92208,0.9996,1,0.995,0.87453,0.52585,0.23572,0.86334,0.0009704,0.0009704,0.0009704
54,389.513,0.59551,0.30386,0.94184,0.99962,1,0.995,0.87785,0.52658,0.23559,0.86445,0.0009506,0.0009506,0.0009506
55,396.435,0.59163,0.30966,0.92797,0.99961,1,0.995,0.87847,0.52371,0.23319,0.86071,0.0009308,0.0009308,0.0009308
56,403.33,0.58719,0.30253,0.93356,0.99962,1,0.995,0.87802,0.52028,0.23555,0.86244,0.000911,0.000911,0.000911
57,410.115,0.59802,0.31445,0.93126,0.99961,1,0.995,0.88141,0.51979,0.22394,0.85991,0.0008912,0.0008912,0.0008912
58,417.049,0.56611,0.28848,0.92001,0.99962,1,0.995,0.87841,0.5149,0.22891,0.85621,0.0008714,0.0008714,0.0008714
59,423.864,0.5855,0.28714,0.92403,0.99962,1,0.995,0.87783,0.51662,0.2271,0.86122,0.0008516,0.0008516,0.0008516
60,430.624,0.58395,0.29539,0.93571,0.99961,1,0.995,0.8733,0.5167,0.2386,0.85837,0.0008318,0.0008318,0.0008318
61,437.524,0.58446,0.28514,0.92739,0.99962,1,0.995,0.87854,0.50427,0.22071,0.8552,0.000812,0.000812,0.000812
62,444.359,0.60161,0.30252,0.93737,0.99962,1,0.995,0.88169,0.51093,0.22579,0.85783,0.0007922,0.0007922,0.0007922
63,451.1,0.57609,0.29252,0.92001,0.99961,1,0.995,0.88039,0.51315,0.22823,0.85582,0.0007724,0.0007724,0.0007724
64,457.832,0.5752,0.28133,0.92397,0.99962,1,0.995,0.86662,0.5209,0.22539,0.85951,0.0007526,0.0007526,0.0007526
65,464.719,0.58317,0.2943,0.92219,0.99962,1,0.995,0.87394,0.51504,0.22887,0.85968,0.0007328,0.0007328,0.0007328
66,471.478,0.57165,0.28116,0.9183,0.99962,1,0.995,0.87361,0.50562,0.22644,0.85651,0.000713,0.000713,0.000713
67,478.279,0.57582,0.28934,0.91805,0.99961,1,0.995,0.87925,0.50479,0.22155,0.85387,0.0006932,0.0006932,0.0006932
68,485.124,0.56211,0.29242,0.91932,0.99961,1,0.995,0.88257,0.49546,0.21437,0.85304,0.0006734,0.0006734,0.0006734
69,491.972,0.5824,0.29262,0.92637,0.99961,1,0.995,0.87831,0.50794,0.21906,0.8594,0.0006536,0.0006536,0.0006536
70,498.822,0.5683,0.28402,0.92312,0.99962,1,0.995,0.88368,0.51633,0.22154,0.85892,0.0006338,0.0006338,0.0006338
71,505.765,0.57937,0.28061,0.91869,0.99962,1,0.995,0.87669,0.50063,0.21258,0.8513,0.000614,0.000614,0.000614
72,512.549,0.55773,0.276,0.92113,0.99962,1,0.995,0.87403,0.51406,0.22189,0.85726,0.0005942,0.0005942,0.0005942
73,519.458,0.56215,0.27753,0.91343,0.99962,1,0.995,0.8744,0.51832,0.2217,0.8595,0.0005744,0.0005744,0.0005744
74,526.36,0.57531,0.28472,0.92677,0.99962,1,0.995,0.8742,0.51348,0.22116,0.86031,0.0005546,0.0005546,0.0005546
75,533.31,0.56666,0.27307,0.91027,0.99961,1,0.995,0.88044,0.5056,0.21512,0.85534,0.0005348,0.0005348,0.0005348
76,540.219,0.54738,0.26966,0.92065,0.99962,1,0.995,0.88212,0.51223,0.23164,0.8624,0.000515,0.000515,0.000515
77,547.045,0.5607,0.27556,0.91542,0.99962,1,0.995,0.87475,0.50523,0.21843,0.85534,0.0004952,0.0004952,0.0004952
78,553.886,0.5513,0.26647,0.91623,0.99962,1,0.995,0.88244,0.51201,0.21735,0.85933,0.0004754,0.0004754,0.0004754
79,560.745,0.55675,0.2689,0.9199,0.99961,1,0.995,0.88083,0.5084,0.21696,0.85542,0.0004556,0.0004556,0.0004556
80,567.54,0.54153,0.26679,0.90055,0.99962,1,0.995,0.87959,0.50062,0.21025,0.85229,0.0004358,0.0004358,0.0004358
81,574.327,0.5395,0.26308,0.90318,0.99962,1,0.995,0.88275,0.50572,0.21702,0.85453,0.000416,0.000416,0.000416
82,581.144,0.55658,0.27362,0.91607,0.99962,1,0.995,0.87931,0.50503,0.20718,0.85422,0.0003962,0.0003962,0.0003962
83,587.92,0.56857,0.26951,0.93698,0.99963,1,0.995,0.87663,0.50297,0.20274,0.85508,0.0003764,0.0003764,0.0003764
84,594.729,0.55575,0.26639,0.91286,0.99962,1,0.995,0.87891,0.49859,0.20123,0.85455,0.0003566,0.0003566,0.0003566
85,601.583,0.53784,0.25955,0.90985,0.99962,1,0.995,0.87827,0.51068,0.21032,0.85741,0.0003368,0.0003368,0.0003368
86,608.417,0.54711,0.25989,0.90116,0.99962,1,0.995,0.88264,0.50138,0.20544,0.85106,0.000317,0.000317,0.000317
87,615.232,0.54853,0.25731,0.91274,0.99962,1,0.995,0.87622,0.50635,0.2038,0.85379,0.0002972,0.0002972,0.0002972
88,622.049,0.54083,0.25921,0.91626,0.99961,1,0.995,0.88021,0.50368,0.2017,0.85221,0.0002774,0.0002774,0.0002774
89,628.953,0.55462,0.26195,0.92074,0.99962,1,0.995,0.87952,0.49997,0.20499,0.85255,0.0002576,0.0002576,0.0002576
90,635.732,0.52288,0.2523,0.90358,0.99962,1,0.995,0.88448,0.50372,0.19848,0.85559,0.0002378,0.0002378,0.0002378
91,652.651,0.50854,0.22682,0.91601,0.99961,1,0.995,0.88414,0.4938,0.1994,0.84975,0.000218,0.000218,0.000218
92,659.564,0.51144,0.22275,0.91675,0.99962,1,0.995,0.88267,0.5007,0.20055,0.85427,0.0001982,0.0001982,0.0001982
93,666.392,0.50964,0.22701,0.90071,0.99962,1,0.995,0.88587,0.49637,0.203,0.85025,0.0001784,0.0001784,0.0001784
94,673.291,0.50512,0.2256,0.92292,0.99962,1,0.995,0.88653,0.49338,0.20118,0.84844,0.0001586,0.0001586,0.0001586
95,680.122,0.50031,0.21367,0.90803,0.99962,1,0.995,0.88402,0.49774,0.19459,0.85071,0.0001388,0.0001388,0.0001388
96,687.025,0.50006,0.21606,0.90506,0.99962,1,0.995,0.88525,0.49859,0.19319,0.85137,0.000119,0.000119,0.000119
97,693.825,0.50343,0.21808,0.90701,0.99962,1,0.995,0.88144,0.49559,0.1926,0.8486,9.92e-05,9.92e-05,9.92e-05
98,700.712,0.4948,0.21227,0.90892,0.99962,1,0.995,0.88402,0.49331,0.18985,0.84794,7.94e-05,7.94e-05,7.94e-05
99,707.589,0.49877,0.21057,0.91727,0.99963,1,0.995,0.8828,0.49437,0.18664,0.8483,5.96e-05,5.96e-05,5.96e-05
100,714.48,0.4921,0.21054,0.90017,0.99963,1,0.995,0.88557,0.49396,0.18734,0.84871,3.98e-05,3.98e-05,3.98e-05
